comment_id,video_id,author,text,likes_count
"Bomil:FraÈ›ilor, haideÈ›i sÄƒ ne mobili",7525152499582422294,Bomil,"FraÈ›ilor, haideÈ›i sÄƒ ne mobilizÄƒm.",1
Ñ€Ğ°Ğ»ÑƒĞºĞ° Ğ¼Ğ°Ñ‚Ğ°ÑˆĞµ:Doar prin revolutie,7525152499582422294,Ñ€Ğ°Ğ»ÑƒĞºĞ° Ğ¼Ğ°Ñ‚Ğ°ÑˆĞµ,Doar prin revolutie,1
Florin Mitrache:TOATA ROMANIA IL IUBESTE PE CA,7525152499582422294,Florin Mitrache,TOATA ROMANIA IL IUBESTE PE CALIN GEORGESCU ğŸ¥°ğŸ¥°ğŸ¥°,1
Mariana Danci:tot poporu romÃ¢n este cu cÄƒlin,7525152499582422294,Mariana Danci,tot poporu romÃ¢n este cu cÄƒlin georgescu preÈ™edintele romÃ¢niei este alesul poporului romÃ¢n,1
Sandocan:FORTA CALIN GEORGESCU,7525152499582422294,Sandocan,FORTA CALIN GEORGESCU,1
Ali Anastasia:Adevaratul presedinte,7525152499582422294,Ali Anastasia,Adevaratul presedinte,0
Mariana-Georgeta Ziegler:Calin Georgescu Presedinte ğŸ’–ğŸ’–ğŸ’–,7525152499582422294,Mariana-Georgeta Ziegler,Calin Georgescu Presedinte ğŸ’–ğŸ’–ğŸ’–ğŸ’–,1
Bomil:Unde este NicuÈ™or? A dispÄƒrut.,7525152499582422294,Bomil,Unde este NicuÈ™or? A dispÄƒrut. Ce aÈ›i votat oameni buni? Noi ne mai facem bine?,1
Florin Mitrache:CALIN GEORGESCU PRESEDINTE NOS,7525152499582422294,Florin Mitrache,CALIN GEORGESCU PRESEDINTE NOSTRU ALESğŸ¥°ğŸ¥°ğŸ¥°,1
mircea73:Este PreÈ™edintele RomÃ¢niei ğŸ˜‰ğŸ˜‰ğŸ˜‰,7525152499582422294,mircea73,Este PreÈ™edintele RomÃ¢niei ğŸ˜‰ğŸ˜‰ğŸ˜‰ ce va mirÄƒ???,1
ileanaconstantine5:â¤ï¸ğŸ’›ğŸ’™,7525152499582422294,ileanaconstantine5,â¤ï¸ğŸ’›ğŸ’™,2
Florina Puscaciu:â¤ï¸â¤ï¸â¤ï¸â¤ï¸â¤ï¸â¤ï¸â¤ï¸â¤ï¸â¤ï¸,7525152499582422294,Florina Puscaciu,â¤ï¸â¤ï¸â¤ï¸â¤ï¸â¤ï¸â¤ï¸â¤ï¸â¤ï¸â¤ï¸,1
hanganu constantin:ğŸ™,7525152499582422294,hanganu constantin,ğŸ™,1
PetricÄƒ Butureanu:ğŸ¥°ğŸ¥°ğŸ¥°,7525152499582422294,PetricÄƒ Butureanu,ğŸ¥°ğŸ¥°ğŸ¥°,1
Elena Elena:â¤ï¸â¤ï¸â¤ï¸â¤ï¸â¤ï¸â¤ï¸â¤ï¸â¤ï¸â¤ï¸â¤ï¸â¤ï¸â¤ï¸,7525152499582422294,Elena Elena,â¤ï¸â¤ï¸â¤ï¸â¤ï¸â¤ï¸â¤ï¸â¤ï¸â¤ï¸â¤ï¸â¤ï¸â¤ï¸â¤ï¸,1
Giovanni Jas Stat:ForÈ›Äƒ maximÄƒ CG AUR POT ğŸ‡·ğŸ‡´ Lup,7525152499582422294,Giovanni Jas Stat,ForÈ›Äƒ maximÄƒ CG AUR POT ğŸ‡·ğŸ‡´ Lupta âš”ï¸continuÄƒ,2
Camelia:ğŸ¤¡,7525152499582422294,Camelia,ğŸ¤¡,0
Tatiana Rosu:mai shnteti in justiÈ›ie multi ,7525152499582422294,Tatiana Rosu,mai shnteti in justiÈ›ie multi hoti,0
Mefisto::áªá¯áªá°á°á«á±á¬á±á¬á°á¬á°á°á«á°á«á°á¬á°á°á¬á°á±á¬á±á±á¬ ,7526197136904424706,Mefisto,":áªá¯áªá°á°á«á±á¬á±á¬á°á¬á°á°á«á°á«á°á¬á°á°á¬á°á±á¬á±á±á¬ Sa mi bag pl n fam lui de garoi,si in toti fanii lui áªá¯áªá°á°á«á±á¬á±á¬á°á¬á°á°á«á°á«á°á¬á°á°á¬á°á±á¬á±á±á¬",28
irinell89ğŸŠ:cine este prostul de jos ? cre,7526197136904424706,irinell89ğŸŠ,"cine este prostul de jos ? cred ca si-a incheiat cariera ğŸ˜‚ğŸ˜‚ğŸ’ªğŸ’ªğŸ’ª , forza veteranii Hip hop ğŸ’ªğŸ’ªğŸ’ª",12
naciurafaelacrist:nu Ã®nÈ›eleg de ce nu au fÄƒcut n,7526197136904424706,naciurafaelacrist,nu Ã®nÈ›eleg de ce nu au fÄƒcut nimic Ã®n privinÈ›a lu asta legea trebuie oprit din prima ğŸ˜¡ğŸ˜¡,12
mironclaudiu0:bÄƒi fraÈ›ilor cinei Ã®i promovea,7526197136904424706,mironclaudiu0,bÄƒi fraÈ›ilor cinei Ã®i promoveazÄƒ pe copii Äƒstea cu cap de gumÄƒ ğŸ¤®ğŸ˜¡ğŸ˜¡,36
"alexniculadarnea:Puya omul,Puya artistul,Puya r",7526197136904424706,alexniculadarnea,"Puya omul,Puya artistul,Puya romÃ¢nul nostru cu un caracter frumos el nu sa vÃ¢ndut el iubeste romÃ¢nia si noi Ã®l iubim si Ã®l respectÄƒm! Te iubim Puya!",4
Claudio John:deci ala denigreaza tara si oa,7526197136904424706,Claudio John,deci ala denigreaza tara si oameni aplauda...no words,2
Solo11Gmm:nici nu se compara...Puya...Le,7526197136904424706,Solo11Gmm,nici nu se compara...Puya...Legenda...nimeni Ã®n drum Äƒla ii unul care toatÄƒ RomÃ¢nia se face pe el...ğŸ’ªğŸ’ªğŸ’ª,8
Cristea Alexandra â¤ï¸:sunt multe de spus...dar Puya ,7526197136904424706,Cristea Alexandra â¤ï¸,sunt multe de spus...dar Puya e visğŸ™ğŸ¥°ğŸ¥°ğŸ¥°,2
ğŸ’¥MichyğŸ’¥:FelicitÄƒri Puya respect maxim ,7526197136904424706,ğŸ’¥MichyğŸ’¥,FelicitÄƒri Puya respect maxim ğŸ‘ğŸ‡·ğŸ‡´ğŸ‘,40
Arhanghelul Mihail:Ca e bine sau rau in tara noas,7526197136904424706,Arhanghelul Mihail,"Ca e bine sau rau in tara noastra,oameni buni,suntem ROMANI,orice ar fi si oriunde am fiğŸ«¡",0
"Felicia IbÄƒnescu:FelicitÄƒri,Puya! Respect, Puya",7526197136904424706,Felicia IbÄƒnescu,"FelicitÄƒri,Puya! Respect, Puya!â¤ï¸",15
avocado ğŸ’ªğŸ»:Bv Puya â¤ï¸mÃ¢ndru ca am crescut,7526197136904424706,avocado ğŸ’ªğŸ»,Bv Puya â¤ï¸mÃ¢ndru ca am crescut cu muzica ta,0
Samoilaionut:ar trebui sa invete de la vete,7526197136904424706,Samoilaionut,ar trebui sa invete de la veterani adevarata muzica nu ce canta astia din ziua de azi,1
Alex Wolf ğŸ‡·ğŸ‡´:Eu pe puya È™i sisu I am respec,7526197136904424706,Alex Wolf ğŸ‡·ğŸ‡´,Eu pe puya È™i sisu I am respectat de mult timp. È˜i sunt cei mai respectaÈ›i oameni ğŸ«¡ğŸ‡·ğŸ‡´â¤ï¸ğŸ‘‘,3
"D:Bravo, Puya! Respect maxim! ğŸ‘ğŸ¤—",7526197136904424706,D,"Bravo, Puya! Respect maxim! ğŸ‘ğŸ¤—",0
"marcellazar3:respekt ROMÃ‚NIA, BUCOVINAğŸ¥°ğŸ¥°ğŸ¥°",7526197136904424706,marcellazar3,"respekt ROMÃ‚NIA, BUCOVINAğŸ¥°ğŸ¥°ğŸ¥°",7
zvenaty:Love Puya.. Respect,7526197136904424706,zvenaty,Love Puya.. Respect,14
andreigrigore928:BRAVO PUYAğŸ‘ğŸ‘ğŸ¥°ğŸ¤ğŸ¤ğŸ’ªâœŒï¸,7526197136904424706,andreigrigore928,BRAVO PUYAğŸ‘ğŸ‘ğŸ¥°ğŸ¤ğŸ¤ğŸ’ªâœŒï¸,1
Mihai Leleczi:puya respect un adevÄƒrat roman,7526197136904424706,Mihai Leleczi,"puya respect un adevÄƒrat roman, un adevÄƒrat patriot ğŸ‘ğŸ‘ğŸ‘",0
Stan Ciprian:respect puia forta,7526197136904424706,Stan Ciprian,respect puia forta,0
"Ciprian Dan Cimpoies:esti mai prost decat arati,def",7522887320421305622,Ciprian Dan Cimpoies,"esti mai prost decat arati,defeaba porti ochelari",103
Ticu Despina:doamne ajutağŸ™,7522887320421305622,Ticu Despina,doamne ajutağŸ™,1
cameliabarascu5:Taj Mahal a fost genial ğŸ˜‚ğŸ˜‚,7522887320421305622,cameliabarascu5,Taj Mahal a fost genial ğŸ˜‚ğŸ˜‚,15
dorinacazacu3:TAJ MAHAL NU ESTE UN CASTEL SA,7522887320421305622,dorinacazacu3,"TAJ MAHAL NU ESTE UN CASTEL SAU AÈ˜A CEVA,ÃN INDIA? EU AÈ˜A È˜TIU,TU CE FACI DUCI ÃN EROARE ROMÃ‚NI? SÄ‚-ÈšI FIE RUÈ˜INE!",42
Iren Gedo:Taj Mahal ???? Echipa ginecolo,7522887320421305622,Iren Gedo,Taj Mahal ???? Echipa ginecologica??? ğŸ˜‚ğŸ˜‚ğŸ˜‚ğŸ˜‚ mai grav este ca lumea pune botul la pamflet ğŸ™ˆğŸ™ˆğŸ™ˆğŸ™ˆ,5
ioanamasalagiu70:ğŸ¤£ğŸ¤£ğŸ¤£ ce prostii vb ba nene acol,7522887320421305622,ioanamasalagiu70,ğŸ¤£ğŸ¤£ğŸ¤£ ce prostii vb ba nene acolo ???Taj mahal ..echipa specializatÄƒ Ã®n obstetricÄƒ????eÈ™ti cu capul,0
Titi Daniel:ğŸ‘ğŸ‘ğŸ‘ğŸ˜‚ğŸ˜‚ğŸ˜‚ğŸ˜‚ğŸ˜‚ğŸ˜‚ğŸ˜‚ğŸ˜‚ğŸ˜‚ğŸ˜‚ğŸ˜‚ğŸ˜‚ğŸ˜‚ taci ca te cr,7522887320421305622,Titi Daniel,ğŸ‘ğŸ‘ğŸ‘ğŸ˜‚ğŸ˜‚ğŸ˜‚ğŸ˜‚ğŸ˜‚ğŸ˜‚ğŸ˜‚ğŸ˜‚ğŸ˜‚ğŸ˜‚ğŸ˜‚ğŸ˜‚ğŸ˜‚ taci ca te cred ÄƒÈ™tia la cÃ®t sunt de proÈ™ti,8
IonPopescuCarpati:bravo.reusit pamflet.sa ne tra,7522887320421305622,IonPopescuCarpati,bravo.reusit pamflet.sa ne traiesti,13
Elena Mihai:Doamne ajuta Calin Georgescu p,7522887320421305622,Elena Mihai,Doamne ajuta Calin Georgescu presedintele Romaniei!,35
Aneta Jataru:Bravo Dumnezeu are ultimul cuv,7522887320421305622,Aneta Jataru,Bravo Dumnezeu are ultimul cuvÃ¢nt.,363
sorinavram741:La soare mÄƒ pot uita da la atÃ®,7522887320421305622,sorinavram741,La soare mÄƒ pot uita da la atÃ®ta prostie ba.,67
giorginagiorgia21:de unde le scoti si tu ?ai vis,7522887320421305622,giorginagiorgia21,de unde le scoti si tu ?ai visat azi noapte ?,6
Marina:Cum Ã®l cheamÄƒ ? Taj Mahal ? Ad,7522887320421305622,Marina,Cum Ã®l cheamÄƒ ? Taj Mahal ? AdicÄƒ trimite templul indian Ã®n RomÃ¢nia ?,9
geodedu38:Ce tot indrugi acolo Taj Mahal,7522887320421305622,geodedu38,"Ce tot indrugi acolo Taj Mahal e un monument,o construcÈ›ie istorica,un simbol Ã®n India,eÈ™ti dus rÄƒu. Din cauza celor ca tine circulÄƒ grÄƒmezi de informaÈ›ii false. Trebuie sa fii blocat imediat È™i oprit totodatÄƒ",10
luna nuova 77:Taj Mahal este una din cele 7 ,7522887320421305622,luna nuova 77,Taj Mahal este una din cele 7 minuni al lumii,2
Veronica Neumann385:Dumnezeu sa ne ajute sÄƒ nu pÄƒÈ›,7522887320421305622,Veronica Neumann385,Dumnezeu sa ne ajute sÄƒ nu pÄƒÈ›eascÄƒ nimic CÄƒlin Georgescu.,5
mihaicolniceanu:in momentul de faÈ›Äƒ se trÄƒieÈ™t,7477187105769147670,mihaicolniceanu,in momentul de faÈ›Äƒ se trÄƒieÈ™te bine in RomÃ¢nia numai cine nu munceÈ™te zice cÄƒ e greu de trÄƒit dacÄƒ vrei sÄƒ ai ce iÈ›i trebuie munceÈ™te.,214
"Paul:Omul spune clar, ieÈ™iÈ›i Ã®n str",7477187105769147670,Paul,"Omul spune clar, ieÈ™iÈ›i Ã®n stradÄƒ È™i luaÈ›i È›ara Ã®napoi din mÃ¢inile trÄƒdÄƒtorilor de neam ğŸ‡¹ğŸ‡©âœŒï¸",1096
Laurentiu-Daniel Sandu:Alt securist care ne Ã®nvaÈ›Äƒ ce,7477187105769147670,Laurentiu-Daniel Sandu,Alt securist care ne Ã®nvaÈ›Äƒ ce sÄƒ facem ğŸ˜,6
Eu È™i cu mine:Care este poziÈ›ia dvs domnule ,7477187105769147670,Eu È™i cu mine,Care este poziÈ›ia dvs domnule general? SpuneÈ›i clar de partea cui sunteÈ›i?,10
ionut MBR:35 de ani ne fura si munr,7477187105769147670,ionut MBR,35 de ani ne fura si munr,4
"Marian Iordache1825:Georgescu va dezbinat,sunt mai",7477187105769147670,Marian Iordache1825,"Georgescu va dezbinat,sunt mai periculoÈ™i decÃ¢t corupÈ›ii.",146
Filip Daniel:tot respectul domnului maresal,7477187105769147670,Filip Daniel,"tot respectul domnului maresal, respect maxim",500
"Amy:Domnule general,nu traim pe vr",7477187105769147670,Amy,"Domnule general,nu traim pe vremea lui Ceausescu! Avem libertate si nimeni y nimic va face sa iesim din Uniunea europeana! Acestia sunt legionari si securisti ! Salutari",2
mirellaoscarsson:Georgescu ne-a dezbinat cu â€œca,7477187105769147670,mirellaoscarsson,Georgescu ne-a dezbinat cu â€œcai verzi pe pereÈ›i È™i bunÄƒ dimineaÈ›a morcovâ€!!!,198
Zanfir:mult recspect domnule general ,7477187105769147670,Zanfir,mult recspect domnule general Radu theodoru,99
elenaursache410:AveÈ›i dreptate romÃ¢nii s -au t,7477187105769147670,elenaursache410,AveÈ›i dreptate romÃ¢nii s -au trezit dar daca poliÈ›ia È™i jandarmeria nu este cu poporul atuncea nu se poate face nimic Ã®n tara .ğŸ¥°ğŸ¥°ğŸ¥°ğŸ¥°ğŸ¥°ğŸ¥°,27
Marioara Butum:Nu ne desbina Georgescu ne gat,7477187105769147670,Marioara Butum,Nu ne desbina Georgescu ne gata Ursula noi trebuie sa luptam pentru RomÃ¢nia nu pentruUcraina,2
Johnny Johnny Ibizza:Pacat ca unii o iau an gluma s,7477187105769147670,Johnny Johnny Ibizza,Pacat ca unii o iau an gluma situatia an care suntem,29
Marius Sorin Ferent:Respect ! CÃ¢tÄƒ alarmÄƒ este Ã®n ,7477187105769147670,Marius Sorin Ferent,"Respect ! CÃ¢tÄƒ alarmÄƒ este Ã®n cuvintele dumneavoastrÄƒ, dar din pÄƒcate mulÈ›i sunt mai mult decÃ¢t indiferenÈ›i, sunt chiar Ã®mpotriva noastrÄƒ, a celor ce strigÄƒm Ã®n stradÄƒ nemulÈ›umirea!",3
ioanbobse:Care este interesul naÈ›ional g,7477187105769147670,ioanbobse,Care este interesul naÈ›ional generale ? spune pÃ¢nÄƒ la capÄƒt ! acum ne certÄƒm pentru o anumitÄƒ persona care nu corespunde cu crezul nostru unitar deci generale....nici o È™ansÄƒ.,14
Stelina Ciripoiu:niciodatÄƒ CG È™i Haur Antonio,7477187105769147670,Stelina Ciripoiu,niciodatÄƒ CG È™i Haur Antonio,197
marius:Prosta conducerea din Romania ,7477187105769147670,marius,Prosta conducerea din Romania cand a acceptat baze NATO la noi in tara ASA Putin si Traump o sa ne dea razboi si o sa ne ia toste zacamintele aur arginat etc,7
Emilia Emi cristache:mulÈ›umesc pentru curajul dat v,7477187105769147670,Emilia Emi cristache,mulÈ›umesc pentru curajul dat votam CG preÈ™edinte al RomÃ¢niei,6
Atlanta_Mary:Trezirea Ã®n conÈ™tiinÈ›a oameni ,7477187105769147670,Atlanta_Mary,Trezirea Ã®n conÈ™tiinÈ›a oameni buni... CÄƒlin Georgescu preÈ™edinte ales al RomÃ¢niei ğŸ‡·ğŸ‡´ğŸ‡·ğŸ‡´,615
Alexandru Sandu586:Domnule general..... Poporul r,7477187105769147670,Alexandru Sandu586,Domnule general..... Poporul romÃ¢n sa Ã®mpÄƒrÈ›it!!!!!!,6
ovidiubutta:Da numai asa se poate. Bunicii,7477187105769147670,ovidiubutta,Da numai asa se poate. Bunicii nostri s-au unit fara Tik tok,276
User92:Domnule Radu Teodoru alte pers,7477187105769147670,User92,Domnule Radu Teodoru alte persoane care le explicaÈ›i asta nu È™tiu de vÃ¢rsta dumneavoastrÄƒâ€¦ce sÄƒ vb de â€œromani treziÈ›i-vÄƒ â€œ,0
caty caty.:SÄƒ vÄƒ dea d-zeu sÄƒnÄƒtate È™i sÄƒ,7477187105769147670,caty caty.,SÄƒ vÄƒ dea d-zeu sÄƒnÄƒtate È™i sÄƒ trÄƒiÈ›i ani mulÈ›i de-acum Ã®nainte.,17
Gica Balan:un patriot care se gÃ¢ndeÈ™te pe,7477187105769147670,Gica Balan,un patriot care se gÃ¢ndeÈ™te pentru viitorul È›Äƒrii! ğŸ¥°ğŸ¥°ğŸ¥°ğŸ¥°ğŸ¥°ğŸ¥°respect!,3
FYÈ˜ 01:RESPECT CU MULTÄ‚ SÄ‚NÄ‚TATE DOMN,7477187105769147670,FYÈ˜ 01,RESPECT CU MULTÄ‚ SÄ‚NÄ‚TATE DOMNULE GENERAL!!!!,13
Mary Mary:Sau trezit dar nu toÈ›i mai sun,7477187105769147670,Mary Mary,Sau trezit dar nu toÈ›i mai sunt caÈ›iva care au afaceri È™i susÈ›inere politicÄƒ!!,17
Iulian Necula:Are dreptate aici nu mai e vor,7477187105769147670,Iulian Necula,Are dreptate aici nu mai e vorba de CÄƒlin Georgescu e vb de tara noastrÄƒ,1
ğŸ˜â¤ï¸:Ma inclin in fata dumneavoastr,7477187105769147670,ğŸ˜â¤ï¸,"Ma inclin in fata dumneavoastra domnule General!ğŸ«¡â¤sunteti emblema tarii noastre ,daca toti ar fi macar pe jumatatea dumneavoastra am face istorie adevaratağŸ™ğŸ˜¢ğŸ’™ğŸ’›â¤ğŸ¤ğŸ«¶",29
Bucur Gica:FOARTE ADEVÄ‚RAT DOMNULE GENERA,7477187105769147670,Bucur Gica,FOARTE ADEVÄ‚RAT DOMNULE GENERAL RADU THEDORU ğŸ™ğŸ™ğŸ™,2
"Barna Gherghina:un bÄƒtrÃ¢n de nu-l ai, cumpÄƒrÄƒ!",7477187105769147670,Barna Gherghina,"un bÄƒtrÃ¢n de nu-l ai, cumpÄƒrÄƒ! bravo! bine punctat!ğŸ™ğŸ™ğŸ™ğŸ‘ğŸ‘ğŸ‘",7
"gina.gina:suntem inteligenti, dar nu cit",7477187105769147670,gina.gina,"suntem inteligenti, dar nu citim ,de al 2 razboi mundial, pentru a intelege ce se intanpla ,in zile de azi.",4
Florin Adrian:domnul Radu eu Ã®È›i mulÈ›umesc!!,7477187105769147670,Florin Adrian,"domnul Radu eu Ã®È›i mulÈ›umesc!!!!,sper sa se Ã®nÈ›eleagÄƒ mesajulğŸ¥°",3
Arabela Mladen:respect dl general. Ro moare Ã®,7477187105769147670,Arabela Mladen,"respect dl general. Ro moare Ã®n fiecare zi,rÄƒzboiul bate la uÈ™Äƒ. UniÈ›i toti ,altfel pierim cu totii",85
mariammary22:AdevÄƒrat spune domnul general ,7477187105769147670,mariammary22,"AdevÄƒrat spune domnul general , doamne ajutÄƒ sÄƒ ne recÃ¢È™tigÄƒm È›ara din mÃ¢na hoÈ›ilor È™i a corupÈ›ilor ğŸ™ğŸ™ğŸ¥º",3
Vali Gadea:Se vor trezi cÃ¢nd va veni ordi,7477187105769147670,Vali Gadea,Se vor trezi cÃ¢nd va veni ordinul la uÈ™Äƒ â˜¹ï¸,1
motanul incaltat:Respect. CÄƒlin Georgescu preÈ™e,7477187105769147670,motanul incaltat,Respect. CÄƒlin Georgescu preÈ™edinte,238
Lily:Respect domnule general.Suntem,7477187105769147670,Lily,Respect domnule general.Suntem dezbinaÈ›i.Suntem sÄƒraci È™i prea mulÈ›i bogaÈ›i care nu se dau plecaÈ›i.!ğŸ™,1
Gigi:Bunu Dumnezeu sÄƒ fie cu tine.C,7477187105769147670,Gigi,Bunu Dumnezeu sÄƒ fie cu tine.Calin Georgescu preÈ™edinte al RomÃ¢niei.Doamne ajuta la toÈ›i romÃ¢ni mei frumoÈ™i ğŸ™â¤ï¸ğŸ’ªğŸ‘ğŸ˜˜!!!,1
Marcel Dumitru8657:ğŸ¥°ğŸ¥°ğŸ¥°ğŸ¥°â™¥ï¸â™¥ï¸â™¥ï¸â™¥ï¸â™¥ï¸AÈ˜A ESTE DOAMNE ,7477187105769147670,Marcel Dumitru8657,ğŸ¥°ğŸ¥°ğŸ¥°ğŸ¥°â™¥ï¸â™¥ï¸â™¥ï¸â™¥ï¸â™¥ï¸AÈ˜A ESTE DOAMNE AJUTÄ‚ MAICÄ‚ DOMNULUI CU SÄ‚NÄ‚TATE PACE BUNÄ‚ È˜I IUBIRE SUFLETEASCÄ‚ BUNÄ‚ PENTRU TOÈšI ROMÃ‚NI DOAMNE AJUTÄ‚ AMIN!,1
anadragan309anadragan:Bunul Dumnezeu sÄƒ vÄƒ de-a mult,7477187105769147670,anadragan309anadragan,Bunul Dumnezeu sÄƒ vÄƒ de-a multÄƒ sÄƒnÄƒtate Domnule felicitÄƒri,1
Dogee:Respect È™i stima domnule gener,7477187105769147670,Dogee,Respect È™i stima domnule general de oameni ca dumneavoastrÄƒ avem nevoie care sa iubeascÄƒ tara sa tine cu poporul romÃ¢n dar nu sa trÄƒdeze È™i sa furÄƒ È›ara respect È™i onoare domnule general,1
NeluÈ›u Lalu:FelicitÄƒri Dom.General .â¤ï¸â¤ï¸â¤ï¸,7477187105769147670,NeluÈ›u Lalu,FelicitÄƒri Dom.General .â¤ï¸â¤ï¸â¤ï¸,1
fnn:Multa sanatate va doresc Domnu,7477187105769147670,fnn,Multa sanatate va doresc Domnule drag ğŸ¤—,2
Dana Iovan391:bravo om curajos,7477187105769147670,Dana Iovan391,bravo om curajos,6
Pop Alexandru:bravo un adevÄƒrat patriot,7477187105769147670,Pop Alexandru,bravo un adevÄƒrat patriot,10
Dana DÄƒnuÈ›a:AveÈ›i PerfectÄƒ Dreptate! D.le ,7477187105769147670,Dana DÄƒnuÈ›a,"AveÈ›i PerfectÄƒ Dreptate! D.le General. Sunt Perfect De Acord Cu Comentariile DV. Sper Ca ToÈ›i RomÃ¢nii, Sa Va ÃnÈ›eleagÄƒ! Luptam È˜i Votam, CÄƒlin Georgescu.ğŸ‘ğŸ‡¦ğŸ‡©ğŸ™",1
dimacarmen0:C G PRESEDINTE FORTAAAA,7477187105769147670,dimacarmen0,C G PRESEDINTE FORTAAAA,1
popvaleria73:AveÈ›i dreptate trebuie fÄƒcut c,7477187105769147670,popvaleria73,AveÈ›i dreptate trebuie fÄƒcut ceva sÄƒ ajutaÈ›i poporul.,1
PetricÄƒ PetricÄƒ 42:PÄƒcat de Makaveli sÄƒ colaborez,7526253695567220000,PetricÄƒ PetricÄƒ 42,"PÄƒcat de Makaveli sÄƒ colaboreze cu acest comunist. Makaveli, Ã®È›i place ideiile lui acest comunist , care plÃ¢nge dupÄƒ CeauÈ™escu? Vrei sa te Ã®ntorci la sÄƒrÄƒcie ?",45
Karla:Ai grijÄƒ cu Makaveli!,7526253695567220000,Karla,Ai grijÄƒ cu Makaveli!,1
codruta274:Bobby ai grijÄƒ cu Makaveli l-a,7526253695567220000,codruta274,Bobby ai grijÄƒ cu Makaveli l-a mai vÃ¢ndut odatÄƒ pe domnul Georgescu ğŸ˜”,84
Valentina Dolores Oprea:ÃntÃ¢lnirea voastrÄƒ Ã®ntÃ¢mplÄƒtoa,7526253695567220000,Valentina Dolores Oprea,"ÃntÃ¢lnirea voastrÄƒ Ã®ntÃ¢mplÄƒtoare nu este chiar Ã®ntÃ¢mplÄƒtoare! Domnule Bobby am mare Ã®ncredere Ã®n dv. Ãn Makaveli am Ã®nceput sÄƒ am de cÃ¢nd este alÄƒturi de noi Ã®n stradÄƒ. Ultima oarÄƒ a fost miercuri, la IPJ Ilfov. Important este mesajul lor.Important este sÄƒ fim uniÈ›i: "" Unul cu altul È™i noi toÈ›i cu Dumnezeu!"".",134
"Marius Marian:Bobiâ€¦.esti jurnalist,ai grija ",7526253695567220000,Marius Marian,"Bobiâ€¦.esti jurnalist,ai grija cu cine te â€˜alieziâ€™.Si Makaveli asta stie politicağŸ˜…ğŸ˜…Asta vrea sa ajunga unde nu poate,pe vrajeala.",80
Butterfly23:Ce cauta Makaveli cu BobyD?ğŸ¤”ğŸ¤”ğŸ¤”,7526253695567220000,Butterfly23,Ce cauta Makaveli cu BobyD?ğŸ¤”ğŸ¤”ğŸ¤”ğŸ¤” Ce se petrece? Nu mai Ã®nÈ›eleg nimic......Makaveli nu e de incredere.....ğŸ¤”ğŸ¤”ğŸ¤”ğŸ¤”... mda foarte interesant,79
DanielaS:AtÃ¢tea comentarii de prost gus,7526253695567220000,DanielaS,"AtÃ¢tea comentarii de prost gust: Makaveli È™i Bobby?. Da! Pt lupta unei cauze cum este RomÃ¢nia, trebuie uniune, pace È™i Ã®nÈ›elegere. Bravo, bÄƒieÈ›ii noÈ™tri dragi care ne informaÈ›i corect!",10
Robert Marius:Makaveli e doar un oportunist ,7526253695567220000,Robert Marius,Makaveli e doar un oportunist cu coloana de È™arpe!,72
Daniela:AdevÄƒrul este unul singur!!! C,7526253695567220000,Daniela,AdevÄƒrul este unul singur!!! CÄƒlin Georgescu preÈ™edinte!!!!!speranÈ›a este la noi.ğŸ’¯ğŸ’¯ğŸ’¯ğŸ‘ğŸ‘ğŸ‘ğŸ”¥ğŸ”¥ğŸ”¥,128
ğŸŒº VALI ğŸŒº:Pana in toamna cu ajutorul lui,7526253695567220000,ğŸŒº VALI ğŸŒº,"Pana in toamna cu ajutorul lui Dumnezeu ma intorc acasa dupa 10 ani de Germania sa dorm pe perna mea si nu cred ca voi muri de foame , om trai si vom vedea dar am sperat in aceste luni sa revina la putere cine se gandeste la poporul roman si inca mai sper si ma rog CG preÈ™edintele Romaniei si sa ajungem acel popor care a fost cu fruntea sus si inca vom mai fi ! FelicitÄƒri voua ca ne dati vesti bune , Dumnezeu intarzie dar nu uita !",159
miha:Callin Georgescu PreÈ™edinte un,7526253695567220000,miha,Callin Georgescu PreÈ™edinte uniÈ›i vom Ã®nvinge haita de hoÈ›ii Doamne ajutÄƒ Respect BobyD Respect MakaveliğŸ™ğŸ™ğŸ™,511
Iulyan:Calin Georgescu va fi presedin,7526253695567220000,Iulyan,Calin Georgescu va fi presedinte cat de curand,89
Zina Popa:Doi bÄƒeti frumoÈ™i È™i deÈ™tepti ,7526253695567220000,Zina Popa,Doi bÄƒeti frumoÈ™i È™i deÈ™tepti BobyD È™i Makaveli sÄƒ de-a dumnezeu sÄƒ vinÄƒ toamna cea bogatÄƒ Ã®n veÈ™ti bune toamna cicÄƒ se numÄƒrÄƒ bobocii pardon votanÈ›ii trÄƒiascÄƒ naÈ›ia trÄƒiascÄƒ suveraniÈ™tii in frunte cu CÄƒlin Georgescu,106
Gabriel Bumbaru768:Frati mei Bobby/Makaveli/ Cali,7526253695567220000,Gabriel Bumbaru768,Frati mei Bobby/Makaveli/ Calin Georgescu presedinte curatenie ğŸ™ğŸ‘ğŸ’¯ğŸ’¯ğŸ’¯ğŸ’¯ğŸ‘ğŸ‘ğŸ‘ğŸ‘ğŸ’¯ğŸ’¯ğŸ’¯ğŸ’¯ğŸ’¯ğŸ‘ğŸ‘ğŸ‘ğŸ’¯ğŸ’¯ğŸ’¯ğŸ’¯ğŸ‘ğŸ‘ğŸ‘,80
Mirela Niculae:Cine Ã®l are pe Dumnezeu Ã®n suf,7526253695567220000,Mirela Niculae,Cine Ã®l are pe Dumnezeu Ã®n suflet nu poate fi Ã®nvins!!!ğŸ™â™¥ï¸ğŸ¥°ğŸ‡¦ğŸ‡©,3858
"Florina Gubert:Surprize,surprize Calin George",7526253695567220000,Florina Gubert,"Surprize,surprize Calin Georgescu preÈ™edinteğŸ™",407
"Marilena Pirlea:CÄƒlin Georgescu este ,,luceafÄƒ",7526253695567220000,Marilena Pirlea,"CÄƒlin Georgescu este ,,luceafÄƒr"" pentru Romania ; voi , stelele strÄƒlucitoare din jurul lui ..... Fie ca mesajul vostru sÄƒ fie mÄƒrturia unei bucurii reale",838
ğŸ‡·ğŸ‡´UrÄƒsc trÄƒdÄƒtorii de È›arÄƒ.:Ce este cu combinaÈ›ia asta :,7526253695567220000,ğŸ‡·ğŸ‡´UrÄƒsc trÄƒdÄƒtorii de È›arÄƒ.,Ce este cu combinaÈ›ia asta :,97
floreabidasculumi:Makaveli È™i BOBBY D ...cea mai,7526253695567220000,floreabidasculumi,Makaveli È™i BOBBY D ...cea mai tare alianÈ›Äƒ nepoliticÄƒ dar civicÄƒ ğŸ¥°ğŸ¥°ğŸ¥°ğŸ¥°,17
cristeamargareta2:Doamne ajutÄƒ CÄƒlin Georgescu P,7526253695567220000,cristeamargareta2,Doamne ajutÄƒ CÄƒlin Georgescu Presedinte â¤ï¸ğŸ’›ğŸ’™ğŸ™ğŸ™ğŸ™ğŸ˜‡ğŸ˜‡ğŸ˜‡,158
"RAMY'S:Makaveli,hotÄƒrÄƒste-te È™i tu o ",7526253695567220000,RAMY'S,"Makaveli,hotÄƒrÄƒste-te È™i tu o datÄƒ de partea cui eÈ™ti.....!!!??ğŸ¤£ğŸ¤£ğŸ¤£ğŸ¤£",1
user20697797657840:pÄƒi Makaveli nu e cu Sosoaca? ,7526253695567220000,user20697797657840,pÄƒi Makaveli nu e cu Sosoaca? noi Ã®l vrem pe CÄƒlin Georgescu PreÈ™edintele nostru iubit nu pe trÄƒdÄƒtoare de soso È™i prietenul ei,1
"Andy:2 tipi super miÈ™to,o colaborar",7526253695567220000,Andy,"2 tipi super miÈ™to,o colaborare de succes ğŸ˜",242
Vilka.B3:Calin Georgescu presedinte â™¥ï¸â™¥,7526253695567220000,Vilka.B3,Calin Georgescu presedinte â™¥ï¸â™¥ï¸â™¥ï¸â™¥ï¸â™¥ï¸â™¥ï¸â™¥ï¸â™¥ï¸â™¥ï¸â™¥ï¸â™¥ï¸â™¥ï¸â™¥ï¸,211
marius@adn:sa ne sogius pola Makaveli ğŸ™ğŸ˜‚,7526253695567220000,marius@adn,sa ne sogius pola Makaveli ğŸ™ğŸ˜‚,1
Paulina Picu:nu Ã®mi vine sa cred bravo uniÈ›,7526253695567220000,Paulina Picu,nu Ã®mi vine sa cred bravo uniÈ›i suntem mai tari.,729
"Adriana Marcus:WOW! V-aÈ›i Ã®ntÃ¢lnit, super! ğŸ‘ŒğŸ‘",7526253695567220000,Adriana Marcus,"WOW! V-aÈ›i Ã®ntÃ¢lnit, super! ğŸ‘ŒğŸ‘ğŸ™",36
"Adrian22617:SunteÈ›i o echipÄƒ de È™oc,combin",7526253695567220000,Adrian22617,"SunteÈ›i o echipÄƒ de È™oc,combinaÈ›ia perfectÄƒ,bravo.",636
"mujdaba neuzat:Makaveli,Baby ...incep sa se u",7526253695567220000,mujdaba neuzat,"Makaveli,Baby ...incep sa se uneasca romanii...",515
Dorina Voicu:Va iubesc !ğŸ¥°ğŸ¥°ğŸ¥° Makaveli mulÈ›um,7526253695567220000,Dorina Voicu,Va iubesc !ğŸ¥°ğŸ¥°ğŸ¥° Makaveli mulÈ›umesc ca nu te ai lÄƒsat Ã®nvins de sistem !,242
Buksa Daniela:Ce aÈ™ vrea sÄƒ È™tiu È™i eu ce È™t,7526253695567220000,Buksa Daniela,Ce aÈ™ vrea sÄƒ È™tiu È™i eu ce È™tiÈ›i voi . Doamne ajuta ! VÄƒ iubesc ! ğŸ¥°ğŸ¥°ğŸ¥°,183
Lily Ana:Abia astept sa mi pun steagul ,7526253695567220000,Lily Ana,"Abia astept sa mi pun steagul mare pe masina,abia astept sa i vad pe unii cu botul lungğŸ™ğŸ™",212
DaniElla:NiciodatÄƒ nu Ã®mi voi pierde sp,7526253695567220000,DaniElla,"NiciodatÄƒ nu Ã®mi voi pierde speranÈ›a ca Ã®l vom avea preÈ™edinte pe CÄƒlin Georgescu... UniÈ›i, Ã®mpreunÄƒ o sa reuÈ™im ğŸ™ğŸ™ğŸ™ğŸ™ğŸ™ğŸ™ğŸ™",605
"Stafida020857:Respect, domnilor! Doi mari pa",7526253695567220000,Stafida020857,"Respect, domnilor! Doi mari patrioÈ›i, sunteÈ›i vocea noastrÄƒ. SÄƒ dea Dumnezeu sÄƒ ne recÃ¢È™tigÄƒm È›ara! Doamne ajutÄƒ!ğŸ™â™¥ï¸",429
Rallu:Of Doamne aud È™i eu ceva pozit,7526253695567220000,Rallu,Of Doamne aud È™i eu ceva pozitiv dupÄƒ atÃ¢tea luni. SÄƒ vÄƒ audÄƒ Dumnezeu cÄƒ deja suntem in depresie ğŸ™â™¥ï¸ğŸ‡¹ğŸ‡©ğŸ«¡,763
carmenknutsson:Calin Georgescu presedintele R,7526253695567220000,carmenknutsson,Calin Georgescu presedintele Romaniei ğŸ™ğŸ™ğŸ™â¤ï¸,409
silviuta:Frumos...ğŸ‘ğŸ‘ğŸ˜ƒ o surpriza placut,7526253695567220000,silviuta,Frumos...ğŸ‘ğŸ‘ğŸ˜ƒ o surpriza placutağŸ˜ğŸ‘ Doamne ajuta!ğŸ™ sper sa fie asa ptr ca...multi ne am pierdut speranÈ›a...,293
ManuLidiaâ˜ï¸:ğŸ¤£ğŸ¤£...SPER CEVA FRUMOS SÄ‚ URMEZ,7526253695567220000,ManuLidiaâ˜ï¸,ğŸ¤£ğŸ¤£...SPER CEVA FRUMOS SÄ‚ URMEZE...DUMNEZEU CU VOI È˜I NOIğŸ™ğŸ» MAKAVELI... BOBIÈšÄ‚ VÄ‚ URMARESC..CU SUFLETUL LA GURÄ‚...ğŸ™ğŸ»,96
Dana Minescu:CALIN GEORGESCU PRESEDINTE,7526253695567220000,Dana Minescu,CALIN GEORGESCU PRESEDINTE,264
Ğ¢Ğ°Ñ‚ÑŒÑĞ½Ğ° ĞœĞ¾ÑˆĞ°Ğ½ÑĞºĞ¸:Ce mÄƒ bucur pentru Dra domnilo,7526253695567220000,Ğ¢Ğ°Ñ‚ÑŒÑĞ½Ğ° ĞœĞ¾ÑˆĞ°Ğ½ÑĞºĞ¸,Ce mÄƒ bucur pentru Dra domnilor . Bravo domnu BOBBY D È™i domnu Makaveli. Dumnezeu sÄƒ vÄƒ binecuvÃ¢nteze familia uniti vom Ã®nvinge sistemul Sorosist trÄƒdÄƒtor.,107
PuÈ™tiul Vanga:Al nostru cu mÃ¢ndrie...prim,7527537668603825430,PuÈ™tiul Vanga,Al nostru cu mÃ¢ndrie...prim,4
MarianaS:Iauzi ce frumos ce conducÄƒtori,7527537668603825430,MarianaS,Iauzi ce frumos ce conducÄƒtori avem,1
Neculai Spanu:iauzi ce e aici,7527537668603825430,Neculai Spanu,iauzi ce e aici,3
Neculai Spanu:dacÄƒ nu se lasÄƒ cu revoluÈ›ie p,7527537668603825430,Neculai Spanu,dacÄƒ nu se lasÄƒ cu revoluÈ›ie putem pleca din È›arÄƒ trebuie facut cea fÄƒcut cosma,1
user2733536638746:ğŸ˜³ğŸ˜³ğŸ˜³,7527537668603825430,user2733536638746,ğŸ˜³ğŸ˜³ğŸ˜³,0
user161856246384:ğŸ˜¢ğŸ˜¢ğŸ˜¢ğŸ˜¢ğŸ˜¢ğŸ˜¢,7527537668603825430,user161856246384,ğŸ˜¢ğŸ˜¢ğŸ˜¢ğŸ˜¢ğŸ˜¢ğŸ˜¢,0
Paula Pop469:ğŸ˜­ğŸ˜­ğŸ˜­,7527537668603825430,Paula Pop469,ğŸ˜­ğŸ˜­ğŸ˜­,0
Loredana:ğŸ˜³ğŸ˜³ğŸ˜³ğŸ™ğŸ™ğŸ™,7527537668603825430,Loredana,ğŸ˜³ğŸ˜³ğŸ˜³ğŸ™ğŸ™ğŸ™,0
hartonmihaita:ğŸ˜¡ğŸ˜¡ğŸ˜¡,7527537668603825430,hartonmihaita,ğŸ˜¡ğŸ˜¡ğŸ˜¡,0
ionela:ğŸ˜³ğŸ˜³ğŸ˜³ğŸ˜³ğŸ˜³ğŸ˜³ğŸ˜³ğŸ˜³ğŸ˜³ğŸ˜³,7527537668603825430,ionela,ğŸ˜³ğŸ˜³ğŸ˜³ğŸ˜³ğŸ˜³ğŸ˜³ğŸ˜³ğŸ˜³ğŸ˜³ğŸ˜³,0
Jimi Covaci:ğŸ¥ºğŸ¥ºğŸ¥ºğŸ¥ºğŸ¥ºğŸ¥º,7527537668603825430,Jimi Covaci,ğŸ¥ºğŸ¥ºğŸ¥ºğŸ¥ºğŸ¥ºğŸ¥º,0
patriot_inflacarat:mafioÈ›ii nenorociÈ›i iar patrio,7527537668603825430,patriot_inflacarat,mafioÈ›ii nenorociÈ›i iar patrioÈ›ii sunt hÄƒituiÈ›i de sistemul corupt,4
doinitacanilopol:mafioti. oameni. buni sa. cond,7527537668603825430,doinitacanilopol,mafioti. oameni. buni sa. conduca. romnia. noastra doamne. fereste,2
"Gabriela Poghirca:Ce rubedenii de soi are Bolo,b",7527537668603825430,Gabriela Poghirca,"Ce rubedenii de soi are Bolo,bravoo deci mama hoÈ›ilor Ã®n fruntea tarii,mucusorii nu va sesizaÈ›i?",1
Catalin Iulian Costache:ğŸ˜¡ğŸ˜¡ğŸ˜¡ğŸ˜¡ğŸ˜¡ğŸ˜¡,7527537668603825430,Catalin Iulian Costache,ğŸ˜¡ğŸ˜¡ğŸ˜¡ğŸ˜¡ğŸ˜¡ğŸ˜¡,0
Sanda Moldovan Talos:ğŸ˜¡ğŸ˜¡ğŸ˜¡ğŸ˜¡ğŸ˜¡ğŸ˜¡ğŸ˜¡ğŸ˜¡ğŸ˜¡,7527537668603825430,Sanda Moldovan Talos,ğŸ˜¡ğŸ˜¡ğŸ˜¡ğŸ˜¡ğŸ˜¡ğŸ˜¡ğŸ˜¡ğŸ˜¡ğŸ˜¡,0
TRACUL77:ğŸ˜¡ğŸ˜¡ğŸ˜¡,7527537668603825430,TRACUL77,ğŸ˜¡ğŸ˜¡ğŸ˜¡,0
dumitra:pai dupÄƒ privirea lui nea Iliu,7527537668603825430,dumitra,pai dupÄƒ privirea lui nea IliuÈ›Äƒ sprancenatul arata ca este un infractor de mare risc,0
Petre Juravle:mars gunoiule,7459408076639063318,Petre Juravle,mars gunoiule,3
dorubalan47:ğŸ‘ğŸ‘ğŸ‘ AdevÄƒrat ! Plus ca RomÃ¢nia,7459408076639063318,dorubalan47,ğŸ‘ğŸ‘ğŸ‘ AdevÄƒrat ! Plus ca RomÃ¢nia nu a fost niciodatÄƒ suveranÄƒ ğŸ˜‚ğŸ˜‚ğŸ˜‚â€¦,14
NssW:Ultima oarÄƒ cÃ¢nd am fost suver,7459408076639063318,NssW,"Ultima oarÄƒ cÃ¢nd am fost suverani, fÄƒceam coadÄƒ la peco sÄƒ alimentÄƒm maÈ™inile cu raÈ›ia",332
Crisan Nicoleta:Corect È™i adevÄƒrat o spune ist,7459408076639063318,Crisan Nicoleta,Corect È™i adevÄƒrat o spune istoria !!! Ä‚È™tia cred ca dacÄƒ vine Câ€¦c..lin le plÄƒteÈ™te datoriile la bÄƒnci pe care nu le-au plÄƒtit È™i mÄƒreÈ™te aj social ğŸ¤£ğŸ¤£ğŸ¤£ğŸ¤£,134
Florea elena teodora:Ai dreptate omule tinerii din ,7459408076639063318,Florea elena teodora,Ai dreptate omule tinerii din ziua de azi nu au citit istoria se ia dupÄƒ Simion Sosoaca È™i Georgescu care sint Putinisti,90
Claudiu Alexandru655:FÄƒrÄƒ Rusia in veci.ğŸ¤¨,7459408076639063318,Claudiu Alexandru655,FÄƒrÄƒ Rusia in veci.ğŸ¤¨,37
iulica 470:Georgescu presedinte,7459408076639063318,iulica 470,Georgescu presedinte,8
"Mihai Vasile:AdevÄƒrat, din pÄƒcate nu prea a",7459408076639063318,Mihai Vasile,"AdevÄƒrat, din pÄƒcate nu prea ai cui sa spui !",42
Eugen Trif:adevarat,7459408076639063318,Eugen Trif,adevarat,6
speranta:corect bravo domnule bine zis!,7459408076639063318,speranta,corect bravo domnule bine zis!!,41
ioanaavram616:Bravo ! DacÄƒ ar fi mai mulÈ›i a,7459408076639063318,ioanaavram616,Bravo ! DacÄƒ ar fi mai mulÈ›i asa ca dumneata ca sÄƒ explice tik -tokerilor ce Ã®nseamnÄƒ suveranitatea È™i ce influenta nefasta a avut Rusia asupra RomÃ¢niei altfel ar arata clasa politica .,3
"Instalatii sanitare È™i termice:Ai dreptate,dar cui sa-i spui?",7459408076639063318,Instalatii sanitare È™i termice,"Ai dreptate,dar cui sa-i spui???",5
Bogdan Constantin:Bv omule bine le zici.,7459408076639063318,Bogdan Constantin,Bv omule bine le zici.,2
Jean Eincretu:BRAVOOO Andreei Covaci,7459408076639063318,Jean Eincretu,BRAVOOO Andreei Covaci,4
Alexis:cate dreptate! bravo frate,7459408076639063318,Alexis,cate dreptate! bravo frate,12
ilieiordache477:cata dreptate are omu asta,7459408076639063318,ilieiordache477,cata dreptate are omu asta,49
Molocea Constantin:mulÈ›i din ei Ã®ncÄƒ nu È™i au rev,7459408076639063318,Molocea Constantin,mulÈ›i din ei Ã®ncÄƒ nu È™i au revenit din È™ocul pe care l au avut cÃ¢nd au vÄƒzut abecedarul,0
fuckrussia:Nicusor Dan Presedintele Roman,7459408076639063318,fuckrussia,Nicusor Dan Presedintele Romaniei ğŸ§ ,0
"Stroe Roxana365:Ai dreptate,dar cu cine sÄƒ vor",7459408076639063318,Stroe Roxana365,"Ai dreptate,dar cu cine sÄƒ vorbeÈ™ti!?ğŸ˜¢",0
Bogdan Dinu ğŸ‡·ğŸ‡´ğŸ‡ªğŸ‡º:explica-le de I.G. Duca ğŸ¤£,7459408076639063318,Bogdan Dinu ğŸ‡·ğŸ‡´ğŸ‡ªğŸ‡º,explica-le de I.G. Duca ğŸ¤£,0
"Camelia:Corect domnule, dar, cine sa p",7459408076639063318,Camelia,"Corect domnule, dar, cine sa priceapÄƒ! SunteÈ›i cÃ¢teva persoane aici, pe tik tok, implicate cu adevÄƒrat, care Ã®ncercaÈ›i din rÄƒsputeri sa aduceÈ›i lumina, ma rog la Dumnezeu sa reuÈ™iÈ›i. ğŸ‘ğŸ‘ğŸ‘",0
Claudia:Superb!!Felicitari!!,7459408076639063318,Claudia,Superb!!Felicitari!!,2
Plop Maria:felicitÄƒri,7459408076639063318,Plop Maria,felicitÄƒri,1
Mario mario236:cam doare cititul!,7459408076639063318,Mario mario236,cam doare cititul!,0
INAMICUL INAMICULUI:Frate Ai perfecto dreptate,7459408076639063318,INAMICUL INAMICULUI,Frate Ai perfecto dreptate,2
"Ion Miroiu:Andrei bre, consoleazÄƒ-te, ast",7459408076639063318,Ion Miroiu,"Andrei bre, consoleazÄƒ-te, asta este ğŸ˜‰ğŸ‡·ğŸ‡´",0
susanasusana884:Aveti mare dreptate.Dar cartil,7459408076639063318,susanasusana884,Aveti mare dreptate.Dar cartile de istorie nu sunt pt ei,2
"Liviu Sichitiu:ExcepÈ›ional, felicitÄƒri !",7459408076639063318,Liviu Sichitiu,"ExcepÈ›ional, felicitÄƒri !",0
filofteazainea:sÄƒnÄƒtate multa Ã®È›i doresc.,7459408076639063318,filofteazainea,sÄƒnÄƒtate multa Ã®È›i doresc.,8
Iatagan L (NevÄƒstuicÄƒ):FelicitÄƒri! Respect! Jos pÄƒlÄƒr,7459408076639063318,Iatagan L (NevÄƒstuicÄƒ),FelicitÄƒri! Respect! Jos pÄƒlÄƒria!,2
bulzlida:Un simplu FELICITÄ‚RI!ğŸ™ğŸ™ğŸ™,7459408076639063318,bulzlida,Un simplu FELICITÄ‚RI!ğŸ™ğŸ™ğŸ™,1
Romica pirvu:felicitÄƒri,7459408076639063318,Romica pirvu,felicitÄƒri,1
Emanoil Paduraru:Respect Simioane.,7527441187272199446,Emanoil Paduraru,Respect Simioane.,1
"Bogdan:ahhhh, ce-mi place ! ğŸ¤£",7527441187272199446,Bogdan,"ahhhh, ce-mi place ! ğŸ¤£",1
Camelia:respect,7527441187272199446,Camelia,respect,1
questioning.everything.1:ğŸ‘ğŸ‘ğŸ‘,7527441187272199446,questioning.everything.1,ğŸ‘ğŸ‘ğŸ‘,1
Ionut:ğŸ’ª,7527441187272199446,Ionut,ğŸ’ª,1
Dorin:ğŸ’¯ğŸ’¯ğŸ’¯ğŸ’¯ğŸ’ªğŸ’ªğŸ’ªğŸ‘ŒğŸ’ªpe hoti tradatori afa,7527441187272199446,Dorin,ğŸ’¯ğŸ’¯ğŸ’¯ğŸ’¯ğŸ’ªğŸ’ªğŸ’ªğŸ‘ŒğŸ’ªpe hoti tradatori afara jeguri penale Calin Gorgescu Preseditele tari ğŸ’¯ğŸ’¯ğŸ’¯ğŸ’¯ğŸ’¯ğŸ’¯ğŸ¥°ğŸ¥°ğŸ¥°ğŸ¥°ğŸ’ªğŸ‘Œtara ie rominia ğŸ’¯ğŸ‘ŒğŸ’ªğŸ’ªğŸ’ªğŸ’ªğŸ’ªdiaspora ie alaturi ğŸ’¯ğŸ’¯ğŸ’¯ğŸ’ªğŸ’ªğŸ’ªğŸ’ªğŸ’¯,1
Karla_karla:RESPECTğŸ™TARZIUğŸ¤”NICIODATAğŸ¤”ğŸ™ğŸ™,7526153296298396950,Karla_karla,RESPECTğŸ™TARZIUğŸ¤”NICIODATAğŸ¤”ğŸ™ğŸ™,2
Rodica Mihalca:SÄƒ vedem ies È™i cei care l-au ,7526153296298396950,Rodica Mihalca,SÄƒ vedem ies È™i cei care l-au votat pe NicuÈ™or,1
oanceaadrian6 Adi:Respect,7526153296298396950,oanceaadrian6 Adi,Respect,2
dy6mq450bqf3:ğŸ‘ğŸ‘ğŸ‘ğŸ™ğŸ™ğŸ™susÈ›in,7526153296298396950,dy6mq450bqf3,ğŸ‘ğŸ‘ğŸ‘ğŸ™ğŸ™ğŸ™susÈ›in,3
lilianapavlov:ğŸ‘ğŸ‘ğŸ‘ğŸ‘ğŸ‘ğŸ‘,7526153296298396950,lilianapavlov,ğŸ‘ğŸ‘ğŸ‘ğŸ‘ğŸ‘ğŸ‘,2
Rocket Bunny X:ğŸ«¡ğŸ«¡ğŸ«¡,7526153296298396950,Rocket Bunny X,ğŸ«¡ğŸ«¡ğŸ«¡,2
Mika Mika:ğŸ¥°ğŸ¥°ğŸ¥°ğŸ¥°,7526153296298396950,Mika Mika,ğŸ¥°ğŸ¥°ğŸ¥°ğŸ¥°,2
floricabene:Cristela Georgescu Prima Doamn,7520490141178285334,floricabene,Cristela Georgescu Prima Doamna a RomÃ¢niei â™¥ï¸ğŸ™,89
Popescu Stefan ğŸ”ğŸŸ:LA multi ani Prima DoamnÄƒ a Ro,7520490141178285334,Popescu Stefan ğŸ”ğŸŸ,LA multi ani Prima DoamnÄƒ a RomÃ¢niei VÄ‚ IUBIM MULT ğŸ™ğŸ‡·ğŸ‡´ğŸ™,9
TREZIREA NAÈšIEI ROMÃ‚NE ğŸ‡·ğŸ‡´:VÄƒ pierdeÈ›i timpul degeaba com,7520490141178285334,TREZIREA NAÈšIEI ROMÃ‚NE ğŸ‡·ğŸ‡´,"VÄƒ pierdeÈ›i timpul degeaba comentÃ¢nd urÃ¢t. Comentariile negative sau jignitoare sunt filtrate È™i È™terse automat. VÄƒ Ã®ncurajÄƒm sÄƒ pÄƒstraÈ›i un ton civilizat È™i sÄƒ contribuiÈ›i cu opinii constructive. Respectul reciproc duce la un dialog sÄƒnÄƒtos È™i benefic pentru toÈ›i. DacÄƒ aveÈ›i critici, exprimaÈ›i-le Ã®ntr-un mod politicos â€“ vocea dumneavoastrÄƒ conteazÄƒ mai mult atunci cÃ¢nd este exprimatÄƒ cu respect.",0
Victorita Marin:va iubim â¤ï¸!,7520490141178285334,Victorita Marin,va iubim â¤ï¸!,43
"florancedragu:Va iubim,suntem cu sufletul lÃ¢",7520490141178285334,florancedragu,"Va iubim,suntem cu sufletul lÃ¢ngÄƒ familia Georgescu!",4
Dana:VÄƒ iubim Prima noastrÄƒ DoamnÄƒ ,7520490141178285334,Dana,VÄƒ iubim Prima noastrÄƒ DoamnÄƒ Cristela Georgescu â¤ï¸â¤ï¸â¤ï¸ğŸ‡¦ğŸ‡©ğŸ‡¦ğŸ‡©ğŸ‡¦ğŸ‡©,45
"CM:ğŸ¥°ğŸ¥°ğŸ¥° TE IUBIM, D-NÄ‚ CRISTELA GE",7520490141178285334,CM,"ğŸ¥°ğŸ¥°ğŸ¥° TE IUBIM, D-NÄ‚ CRISTELA GEORGESCU !!!",1
â¤ï¸Mioaraâ¤ï¸Voicuâ¤ï¸:ğŸ™ğŸ™ğŸ™ğŸ™â¤ï¸ğŸ¥°Prima DoamnÄƒ a RomÃ¢niei,7520490141178285334,â¤ï¸Mioaraâ¤ï¸Voicuâ¤ï¸,ğŸ™ğŸ™ğŸ™ğŸ™â¤ï¸ğŸ¥°Prima DoamnÄƒ a RomÃ¢niei ğŸ™ğŸ™ğŸ¥¹ğŸ¥¹,13
lupudumitru873:Cu iubire creÈ™tineascÄƒ È™i resp,7520490141178285334,lupudumitru873,"Cu iubire creÈ™tineascÄƒ È™i respect,stimata DOAMNA!",13
Anghel Marian:Pentru Èšara NoastrÄƒ È™i Doamna ,7520490141178285334,Anghel Marian,Pentru Èšara NoastrÄƒ È™i Doamna Cristela Georgescu este imperios necesar sa ne dÄƒm viaÈ›a Servim Patria!,2
"Marin Tudorita:BunÄƒ Ziua,doamna Cristela Geor",7520490141178285334,Marin Tudorita,"BunÄƒ Ziua,doamna Cristela Georgescu! â¤ï¸ğŸŒ¹â¤ï¸",13
GabrielleGuererra:Va iubim pe amandoi Doamna Cri,7520490141178285334,GabrielleGuererra,Va iubim pe amandoi Doamna Cristelaâ¤ï¸â¤ï¸â¤ï¸ğŸ¤—ğŸ¤—,6
ileanaconstantine5:Respect È™i admiraÈ›ie d-na Geor,7520490141178285334,ileanaconstantine5,Respect È™i admiraÈ›ie d-na Georgescu â¤â¤,6
Flori:VA IUBIM FAMILIA GEORGESCU,7520490141178285334,Flori,VA IUBIM FAMILIA GEORGESCU,35
"FloriIsfan:VA IUBIM DOAMNA PRESEDINTE , S",7520490141178285334,FloriIsfan,"VA IUBIM DOAMNA PRESEDINTE , SUNTETI IN INIMILE NOASTRE TOATA FSMILIA GEORGESCU , VA DORIM MULTA SANATATE SI SA FITI APROAPE DE NOI AMARATII , VA MULTUMIM IN NUMELE POPORULUI ROMAN",10
Catalin-Doru Puiu:cei mai iubiti dintre pamanten,7520490141178285334,Catalin-Doru Puiu,cei mai iubiti dintre pamanteni. Familia Georgescu. Domnul Presedinte CÄƒlin Georgescu ğŸ™ğŸ™ğŸ™ğŸ™ğŸ™ğŸ™ğŸ™,2
ğŸ‡·ğŸ‡´VÄƒ pupÄƒ AlexandrağŸ‡¬ğŸ‡§:La mulÈ›i ani Prima DoamnÄƒ a Ro,7520490141178285334,ğŸ‡·ğŸ‡´VÄƒ pupÄƒ AlexandrağŸ‡¬ğŸ‡§,La mulÈ›i ani Prima DoamnÄƒ a RomÃ¢niei!ğŸŒ¹â¤ï¸ğŸ’›ğŸ’™,18
carmenolaru301:VÄƒ iubim doamna Cristela Georg,7520490141178285334,carmenolaru301,VÄƒ iubim doamna Cristela Georgescu,6
Christine:VÄƒ iubim È™i mult respect prima,7520490141178285334,Christine,VÄƒ iubim È™i mult respect prima noastrÄƒ doamnÄƒ ! â¤ï¸ğŸŒ¹,1
Lucia Olteanu:BunÄƒ dimineaÈ›a draga amicÄƒ Ã®mi,7520490141178285334,Lucia Olteanu,BunÄƒ dimineaÈ›a draga amicÄƒ Ã®mi place foarte mult,1
ğŸ¦‹ghimpirica leventicağŸ¦‹:Domnul sÄƒ vÄƒ binecuvÃ¢nteze Doa,7520490141178285334,ğŸ¦‹ghimpirica leventicağŸ¦‹,Domnul sÄƒ vÄƒ binecuvÃ¢nteze Doamna Cristela sunteÈ›i superbÄƒ respect ğŸ™ğŸŒ¹ğŸŒ¹ğŸŒ¹ğŸ¥°,1
costantin creÈ›u:sunteÈ›i prima DoamnÄƒ din Roman,7520490141178285334,costantin creÈ›u,sunteÈ›i prima DoamnÄƒ din Romania pentru totdeauna ğŸ™ğŸ™ğŸ™ğŸ™ğŸ™ğŸ™ğŸ™ğŸ™ğŸ™,0
Daniela Corbu:Doamna Cristela folosesc plast,7520490141178285334,Daniela Corbu,"Doamna Cristela folosesc plasturii Life wave refacecera celulelor stem, este produs natural o fototerapie f mult beneficÄƒ corpului nostru uman, vÄƒ mulÈ›umesc pentru informaÈ›ii!",0
iasmina_tapai:Prima Doamna a Rominiei,7520490141178285334,iasmina_tapai,Prima Doamna a Rominiei,0
Ameri Alexia:ğŸ’¯ğŸ’¯ğŸ’¯â¤â¤ğŸ’™ğŸ’™ğŸ’›ğŸ’›â¤â¤ğŸ‘ˆVa iubim Doamna Cr,7520490141178285334,Ameri Alexia,ğŸ’¯ğŸ’¯ğŸ’¯â¤â¤ğŸ’™ğŸ’™ğŸ’›ğŸ’›â¤â¤ğŸ‘ˆVa iubim Doamna Cristea Love Va in Bratisam Mult Romani va iubeste Doamna CristeağŸ¥²ğŸ¥²ğŸ¥ºğŸ¥ºğŸ¥ºğŸ‘ğŸ‘âœŒâœŒğŸ‡·ğŸ‡´ğŸ¤´ğŸ‡·ğŸ‡´ğŸ‘¸ğŸ¤´ğŸ‘¸ğŸ‡·ğŸ‡´ğŸ¤´ğŸ‘¸ğŸ‡·ğŸ‡´ğŸ¤´ğŸ’›ğŸ’›â¤â¤ğŸŒˆğŸ‘‘ğŸ‘‘ğŸ‘‘ğŸ‘¸ğŸ¤´ğŸ‡·ğŸ‡´ğŸŒˆğŸ‘‘â¤â¤â¤ğŸ’¯ğŸ’¯ğŸ™â­ğŸ‘¸âœŠâœŠğŸ‘‚ğŸ‘‚ğŸ‘ˆğŸ‘‚ğŸ‘‚ğŸ‘ˆğŸ‘‚ğŸ‘‚ğŸ‘ˆâ˜â˜ğŸ¤«ğŸ‘ˆğŸ‘ˆâ˜ğŸ¤«ğŸ¤«ğŸ¤«ğŸ‘ˆâ˜ğŸ¤«ğŸ¤«ğŸ‘ˆâ˜ğŸ¤«ğŸ¤«ğŸ‘ˆğŸ‘‚ğŸ‘‚ğŸ‘‚ğŸ‘‚ğŸ‘‚ğŸ‘ˆğŸ‘‹ğŸ‘‹ğŸ‡·ğŸ‡´ğŸŒˆğŸ’›â¤ğŸ’™ğŸ‘‘ğŸ‘‘ğŸ‘‘ğŸ‘ğŸ‘ğŸ‘‘ğŸ‘ğŸ‘‘ğŸ‘¸ğŸ¤´ğŸ‡·ğŸ‡´ğŸ‡·ğŸ‡´ğŸ’›ğŸ’¯ğŸ™â­âœŠâœŠâœŠğŸ˜”ğŸ˜”ğŸ‘‚ğŸ‘ˆ,0
Mihai tanasa 470:Prima Doamna a Romaniei ğŸ¥°ğŸ¥°ğŸ¥°ğŸ¥°ğŸ‘ğŸ‘,7520490141178285334,Mihai tanasa 470,Prima Doamna a Romaniei ğŸ¥°ğŸ¥°ğŸ¥°ğŸ¥°ğŸ‘ğŸ‘ğŸ‘ğŸ‘,2
NuÈ›i .:Prima Doamna va iubim ğŸ™ğŸ™ğŸ™ğŸ™ğŸ™ğŸ™ğŸ™ğŸ™,7520490141178285334,NuÈ›i .,Prima Doamna va iubim ğŸ™ğŸ™ğŸ™ğŸ™ğŸ™ğŸ™ğŸ™ğŸ™ğŸ™È™i veÈ›i rÄƒmÃ¢ne Ã®n sufletul nostru pentru dodeauna ğŸ¥°ğŸ¥°ğŸ¥°ğŸ¥°ğŸ¥°ğŸ¥°ğŸ¥°ğŸ¥°ğŸ¥°ğŸ¥°ğŸ¥°ğŸ¥°,1
cameliadumitru502:Respect ğŸ¥°,7520490141178285334,cameliadumitru502,Respect ğŸ¥°,12
ğŸ€ğŸ€ NICU ğŸ‡ğŸ†:SÄƒrutmÃ®inile stimatÄƒ doamnÄƒ su,7520490141178285334,ğŸ€ğŸ€ NICU ğŸ‡ğŸ†,SÄƒrutmÃ®inile stimatÄƒ doamnÄƒ sunteÈ›i prima doamna a RomÃ¢niei respect maxim ğŸ¥°ğŸ¥°ğŸ¥°ğŸ¥°ğŸ¥°ğŸ¥°ğŸ¥°ğŸ¥°ğŸ¥°ğŸ¥°ğŸ¥°,2
Elena Goga695:Draga noastrÄƒ DoamnÄƒ? â¤â¤â¤,7520490141178285334,Elena Goga695,Draga noastrÄƒ DoamnÄƒ? â¤â¤â¤,0
"Daniela Baicoianu:Respect, Prima Doamna a Romani",7520490141178285334,Daniela Baicoianu,"Respect, Prima Doamna a Romaniei !",5
draghicifloarea46:RESPECT PENTRU TINE STIMATA DO,7520490141178285334,draghicifloarea46,RESPECT PENTRU TINE STIMATA DOAMNA CRISTELA GEORGESCU!ğŸ¥°ğŸ¥°ğŸ¥°,1
Ana marya marya1989:calin georgescu este presedint,7520490141178285334,Ana marya marya1989,calin georgescu este presedintele romaniei si va respect multâ¤ğŸ’›ğŸ’™,2
user9046949414772:SANTETI Minunata!ğŸ¥°ğŸ¥°ğŸ¥°ğŸ¥°,7520490141178285334,user9046949414772,SANTETI Minunata!ğŸ¥°ğŸ¥°ğŸ¥°ğŸ¥°,0
Liliana Urzica:Si eu spun Nu hotarit de cite ,7520490141178285334,Liliana Urzica,Si eu spun Nu hotarit de cite ori nu rezonez cu cineva,0
Menta Stanila Menta Stanila:va.iubim..doamna..Cristela..Ge,7520490141178285334,Menta Stanila Menta Stanila,va.iubim..doamna..Cristela..Georgescu....CG.presedite..,4
Ana:Ãmi place maxim sÄƒ vÄƒ ascult !,7520490141178285334,Ana,Ãmi place maxim sÄƒ vÄƒ ascult !!! SunteÈ›i un model ptr mine,0
CARMEN IACOB:ğŸ™ğŸ¥°â¤â¤â¤FITII BINECUVINTATII ÃNTR,7520490141178285334,CARMEN IACOB,ğŸ™ğŸ¥°â¤â¤â¤FITII BINECUVINTATII ÃNTREAGA FAMILIE CU MULTA PACE SFÃ‚NTA È˜I SÄ‚NÄ‚TATE È˜I PUTERE ÃN SLUJIRE È˜I BIRUINTA SI PROSPERITATE DOAMNA CRISTELA GEORGESCU. ğŸ¥°â¤â¤â¤ğŸ™ğŸ™ğŸ™,0
"MUCUSORTRADATOR:Sper ca,,cat de curand sa fiti",7520490141178285334,MUCUSORTRADATOR,"Sper ca,,cat de curand sa fiti prima doamna a ROMANIEIâ¤ï¸â¤ï¸â¤ï¸â¤ï¸",0
Rodica Mihalca:VÄƒ iubim prima doamnÄƒ a romÃ¢ni,7520490141178285334,Rodica Mihalca,VÄƒ iubim prima doamnÄƒ a romÃ¢ni Cristea Georgescu,0
Mihaela Crina Chelu:respect maxim stimata doamna s,7520490141178285334,Mihaela Crina Chelu,respect maxim stimata doamna sunteÈ›i o scumpete,0
Dena Do:Respect stimatÄƒ doamnÄƒ! VÄƒ adm,7520490141178285334,Dena Do,Respect stimatÄƒ doamnÄƒ! VÄƒ admir!,0
Canan Kaya:Va iubim doamna noastra â¤ï¸â¤ï¸â¤ï¸,7520490141178285334,Canan Kaya,Va iubim doamna noastra â¤ï¸â¤ï¸â¤ï¸â¤ï¸,0
Nuti Boufe:bunÄƒ ziua stimatÄƒ Prima doamnÄƒ,7520490141178285334,Nuti Boufe,bunÄƒ ziua stimatÄƒ Prima doamnÄƒ a RomÃ¢niei ğŸ¥°ğŸ¥°ğŸ¥°ğŸ¥°ğŸ¥° vÄƒ iubim din suflet,0
"constanza6705:Da, trebuie sÄƒ facem ce ne pla",7520490141178285334,constanza6705,"Da, trebuie sÄƒ facem ce ne place cÃ¢nd ne place etc. VÄƒ doresc sÄƒnÄƒtate â™¥ï¸â™¥ï¸â™¥ï¸",0
Simona Chanel:VÄƒ iubim doamna noastrÄƒ binecu,7520490141178285334,Simona Chanel,VÄƒ iubim doamna noastrÄƒ binecuvÃ¢ntatÄƒ!â¤ï¸ğŸ˜‡ğŸ¥°,0
ğŸ‡§ğŸ‡ªğŸŒ¹HARLEI-DEVINSON:RESPECT ğŸ™ğŸ™ğŸ™,7520490141178285334,ğŸ‡§ğŸ‡ªğŸŒ¹HARLEI-DEVINSON,RESPECT ğŸ™ğŸ™ğŸ™,0
Oncioiu Constantin:Domna Cristela sunteÈ›i prima D,7520490141178285334,Oncioiu Constantin,Domna Cristela sunteÈ›i prima DoamnÄƒ a ROMÃ‚NIEI,2
Ripicianu Ionut:va iubim prima doamnÄƒ a RomÃ¢ni,7520490141178285334,Ripicianu Ionut,va iubim prima doamnÄƒ a RomÃ¢nie calin Georgescu presedinte,2
Sandocan:VA IUBIM FORTA CALIN GEORGESCU,7520490141178285334,Sandocan,VA IUBIM FORTA CALIN GEORGESCU,1
Hermina Mitrea:Respect familia Georgescuâ™¥ï¸â™¥ï¸â™¥,7520490141178285334,Hermina Mitrea,Respect familia Georgescuâ™¥ï¸â™¥ï¸â™¥ï¸â™¥ï¸â™¥ï¸â™¥ï¸,1
Dana Trandafira Apat:La multi ani È™i sÄƒnÄƒtatea!,7520490141178285334,Dana Trandafira Apat,La multi ani È™i sÄƒnÄƒtatea!,0
Daniela:Dumnezeu sa va binecuvÃ¢nteze p,7520490141178285334,Daniela,Dumnezeu sa va binecuvÃ¢nteze pe.dumneavoastra si familia dumneavoastrÄƒğŸ™ğŸ¥°,2
Flori:â¤ï¸â¤ï¸â¤ï¸doamne ajutÄƒ la la popor,7520490141178285334,Flori,â¤ï¸â¤ï¸â¤ï¸doamne ajutÄƒ la la poporul romÃ¢n ğŸ™,0
IonuÈ› munteanu:Va iubim,7520490141178285334,IonuÈ› munteanu,Va iubim,0
SUVERAN:Stima dna Georgescu Prima Doam,7520490141178285334,SUVERAN,Stima dna Georgescu Prima Doamna a Romaniei ğŸ™ğŸ‡·ğŸ‡´â¤ï¸,0
Dumitru Caluianu:VÄ‚..IUBIM......PRIMA..DOAMNÄ‚..,7520490141178285334,Dumitru Caluianu,VÄ‚..IUBIM......PRIMA..DOAMNÄ‚..A..ROMÃ‚NIEI..D..CRISTELA...,1
ilina:â¤ï¸â¤ï¸â¤ï¸â¤ï¸â¤ï¸Bunul È™i Marele DUMN,7520490141178285334,ilina,â¤ï¸â¤ï¸â¤ï¸â¤ï¸â¤ï¸Bunul È™i Marele DUMNEUEU sÄƒ vÄƒ aibÄƒ Ã®n pazÄƒ ! â¤ï¸ğŸ™ğŸ»ğŸ™ğŸ»ğŸ™ğŸ»ğŸ™ğŸ»ğŸ™ğŸ»,0
Daniela Vinersar:Prima noastrÄƒ doamna frumoasa ,7520490141178285334,Daniela Vinersar,Prima noastrÄƒ doamna frumoasa â¤ï¸â¤ï¸â¤ï¸ğŸ’›ğŸ’›ğŸ’›ğŸ’™ğŸ’™ğŸ’™ğŸ¥°ğŸ¥°ğŸ¥°ğŸ¥°,6
Viorica Simona:Va iubim È™i va respectam PRIMA,7520490141178285334,Viorica Simona,Va iubim È™i va respectam PRIMA DOAMNA A ROMANIEI,0
Ioan Fratiloaie:Tot respectul faÈ›Äƒ de dumneavo,7520490141178285334,Ioan Fratiloaie,Tot respectul faÈ›Äƒ de dumneavoastrÄƒ È™i CÄƒlin Georgescu preÈ™edintele RomÃ¢niei ğŸ¥°ğŸ¥°ğŸ¥°,2
simonaarherie:VA IUBIM SCUMPA DOAMNA ğŸ™ğŸ˜‡â¤ï¸â¤ï¸ğŸ‡·,7520490141178285334,simonaarherie,VA IUBIM SCUMPA DOAMNA ğŸ™ğŸ˜‡â¤ï¸â¤ï¸ğŸ‡·ğŸ‡´ğŸ‡·ğŸ‡´ğŸ‡·ğŸ‡´,0
Paul Samson285:respect familia Georgescu ğŸ™ğŸ™ğŸ™ğŸ™,7520490141178285334,Paul Samson285,respect familia Georgescu ğŸ™ğŸ™ğŸ™ğŸ™,0
DIASPORA UKğŸ‡·ğŸ‡´ğŸ‡·ğŸ‡´:Iubesc familia Georgescu â¤ï¸â¤ï¸â¤,7520490141178285334,DIASPORA UKğŸ‡·ğŸ‡´ğŸ‡·ğŸ‡´,Iubesc familia Georgescu â¤ï¸â¤ï¸â¤ï¸â¤ï¸,1
consti:respect pentru dumneavosttra,7520490141178285334,consti,respect pentru dumneavosttra,1
ğŸ§¸ADRIIAN âœ¨NICOLAEğŸ§¸:buna seara frumoasa doamna sti,7520490141178285334,ğŸ§¸ADRIIAN âœ¨NICOLAEğŸ§¸,buna seara frumoasa doamna stima si respect,0
Marinica Nica:RESPECT PENTRU DOAMNA CRISTELA,7520490141178285334,Marinica Nica,RESPECT PENTRU DOAMNA CRISTELA GEORGESCU!ğŸ™ğŸ™ğŸ™ğŸ¥°ğŸ¥°ğŸ¥°,4
maria:Dumnezeu sÄƒ vÄƒ binecuvanteze!ğŸ™,7520490141178285334,maria,Dumnezeu sÄƒ vÄƒ binecuvanteze!ğŸ™ğŸ™ğŸ™ğŸ¥°ğŸ¥°ğŸ¥°,8
Floris Badea:VA IUBIM FAM GEORGESCU RESPECT,7520490141178285334,Floris Badea,VA IUBIM FAM GEORGESCU RESPECT MAXIM ğŸ¥°ğŸ¥°,1
Camelia:Va iubim!!!â€™nâ¤ï¸â¤ï¸â¤ï¸,7520490141178285334,Camelia,Va iubim!!!â€™nâ¤ï¸â¤ï¸â¤ï¸,0
Elena CrÄƒciun:VÄƒ iubim ğŸ¥°ğŸ¥°ğŸ¥°ğŸ¥°ğŸ¥°,7520490141178285334,Elena CrÄƒciun,VÄƒ iubim ğŸ¥°ğŸ¥°ğŸ¥°ğŸ¥°ğŸ¥°,2
Tudora Negoi:VA IUBIM FAMILIA FROMOASA GEOR,7520490141178285334,Tudora Negoi,VA IUBIM FAMILIA FROMOASA GEORGESCU,0
automatizariai:VÄƒ ador â¤ï¸â¤ï¸â¤ï¸,7520490141178285334,automatizariai,VÄƒ ador â¤ï¸â¤ï¸â¤ï¸,0
cozac Marga:te iubim Doamna Scumpa Cristel,7520490141178285334,cozac Marga,te iubim Doamna Scumpa Cristela â¤ï¸â¤ï¸â¤ï¸â¤ï¸â¤ï¸â¤ï¸â¤ï¸â¤ï¸â¤ï¸â¤ï¸â¤ï¸â¤ï¸â¤ï¸â¤ï¸â¤ï¸ğŸ’¯ğŸ’¯ğŸ’¯ğŸ’¯ğŸ’¯ğŸ’¯ğŸ’¯ğŸ’¯ğŸ’¯ğŸ’¯ğŸ’¯ğŸ’¯ğŸ’¯ğŸ’¯ğŸ’¯ğŸ’¯,0
"Carmen â¤ï¸â¤ï¸ğŸ™ğŸ’ª:doamna mea frumoasÄƒ â™¥ï¸,doamna ",7520490141178285334,Carmen â¤ï¸â¤ï¸ğŸ™ğŸ’ª,"doamna mea frumoasÄƒ â™¥ï¸,doamna inimi mele ,doamna RomÃ¢niei vÄƒ iubim â¤ï¸â¤ï¸â¤ï¸",0
costelsandu1231:stimÄƒ È™i respect maxim prima n,7520490141178285334,costelsandu1231,stimÄƒ È™i respect maxim prima noastrÄƒ doamnÄƒ ğŸ™ğŸ™ğŸ˜‡ğŸ˜‡ğŸ¥°ğŸ¥°ğŸ¥°ğŸ¥°ğŸ¥€ğŸ¥€ğŸŒ¹ğŸŒ¹ğŸ’,0
lilimoarcas:fam Georgescu â™¥ï¸,7520490141178285334,lilimoarcas,fam Georgescu â™¥ï¸,1
